onset	duration	trial_type	stimulus
22.084	0.3700000000000001	Word	lorsque
22.455	0.02	Word	j
22.565	0.2299999999999999	Word	avais
22.965	0.2499999999999995	Word	six
23.216	0.1800000000000006	Word	ans
23.436	0.1399999999999996	Word	j
23.576	0.234013	Word	ai
23.896	0.2904290000000014	Word	vu
24.186	0.3501379999999985	Word	une
24.537	0.33	Word	fois
25.177	0.4599999999999999	Word	une
25.637	0.6100000000000003	Word	magnifique
26.247	0.5	Word	image
26.897	0.3199999999999994	Word	dans
27.217	0.200000000000001	Word	un
27.418	0.2699999999999996	Word	livre
27.688	0.1999999999999993	Word	sur
27.888	0.0999999999999996	Word	la
27.988	0.3800000000000008	Word	forêt
28.368	0.4800000000000004	Word	vierge
28.849	0.1799999999999997	Word	qui
29.029	0.129999999999999	Word	s
29.159	0.4400000000000013	Word	appelait
29.849	0.5399999999999991	Word	histoires
30.389	0.4399999999999995	Word	vécues
31.678	0.3099999999999987	Word	ça
31.988	0.5899999999999999	Word	représentait
32.578	0.1300000000000007	Word	un
32.709	0.4900000000000002	Word	serpent
33.199	0.379999999999999	Word	boa
33.809	0.1799999999999997	Word	qui
33.988	0.4600000000000008	Word	avalait
34.449	0.1400000000000005	Word	un
34.589	0.5799999999999983	Word	fauve
35.758	0.4100000000000001	Word	voilà
36.168	0.1300000000000025	Word	la
36.299	0.389999999999997	Word	copie
36.689	0.0750000000000028	Word	du
36.839	0.3999999999999986	Word	dessin
38.508	0.0600000000000022	Word	on
38.568	0.4100000000000001	Word	disait
38.978	0.1699999999999981	Word	dans
39.149	0.1500000000000021	Word	le
39.299	0.509999999999998	Word	livre
40.019	0.1900000000000012	Word	les
40.209	0.4799999999999969	Word	serpents
40.689	0.4299999999999997	Word	boas
41.179	0.5500000000000007	Word	avalent
41.729	0.1899999999999977	Word	leur
41.919	0.3599999999999994	Word	proie
42.438	0.25	Word	tout
42.689	0.6600000000000001	Word	entière
43.349	0.3500000000000014	Word	sans
43.699	0.129999999999999	Word	la
43.829	0.490000000000002	Word	mâcher
44.849	0.5199999999999996	Word	ensuite
45.368	0.1000000000000014	Word	ils
45.469	0.1400000000000005	Word	ne
45.609	0.2300000000000004	Word	peuvent
45.839	0.259999999999998	Word	plus
46.099	0.4642400000000002	Word	bouger
46.744	0.1711549999999988	Word	et
46.915	0.1439419999999991	Word	ils
47.059	0.4200000000000017	Word	dorment
47.479	0.3299999999999983	Word	pendant
47.809	0.1400000000000005	Word	les
47.949	0.3200000000000003	Word	six
48.269	0.2800000000000011	Word	mois
48.549	0.0999999999999978	Word	de
48.65	0.1700000000000017	Word	leur
48.82	0.5999999999999979	Word	digestion
51.233	0.1457989999999966	Word	j
51.379	0.1014249999999989	Word	ai
51.481	0.3576150000000027	Word	alors
51.839	0.6099999999999994	Word	beaucoup
52.449	0.6700000000000017	Word	réfléchi
53.119	0.1700000000000017	Word	sur
53.289	0.2199999999999988	Word	les
53.509	0.5	Word	aventures
54.009	0.1200000000000045	Word	de
54.129	0.1399999999999934	Word	la
54.269	0.480000000000004	Word	jungle
55.268	0.1700000000000017	Word	et
55.639	0.1299999999999954	Word	à
55.769	0.2000000000000028	Word	mon
55.969	0.3400000000000034	Word	tour
56.519	0.1400000000000005	Word	j
56.659	0.1200000000000045	Word	ai
56.779	0.5700000000000003	Word	réussi
57.559	0.3200000000000003	Word	avec
57.879	0.0999999999999943	Word	un
57.979	0.3700000000000045	Word	crayon
58.349	0.1299999999999954	Word	de
58.479	0.5900000000000034	Word	couleur
59.509	0.1300000000000025	Word	à
59.639	0.5300000000000011	Word	tracer
60.169	0.1899999999999977	Word	mon
60.399	0.490000000000002	Word	premier
60.889	0.3500000000000014	Word	dessin
61.829	0.2199999999999988	Word	mon
62.049	0.4200000000000017	Word	dessin
62.469	0.490000000000002	Word	numéro
63.058	0.1699999999999946	Word	1
63.958	0.1599999999999966	Word	il
64.118	0.3200000000000003	Word	était
64.438	0.2899999999999991	Word	comme
64.728	0.2600000000000051	Word	ça
66.528	0.0899999999999963	Word	j
66.618	0.1499999999999985	Word	ai
66.768	0.3700000000000045	Word	montré
67.138	0.1099999999999994	Word	mon
67.248	0.2999999999999971	Word	chef
67.549	0.0800000000000054	Word	-d
67.629	0.3199999999999932	Word	oeuvre
67.949	0.0600000000000022	Word	aux
68.069	0.2999999999999971	Word	grandes
68.409	0.6300000000000026	Word	personnes
69.369	0.0200000000000031	Word	et
69.389	0.1499999999999985	Word	je
69.539	0.259999999999998	Word	leur
69.799	0.0700000000000002	Word	ai
69.869	0.4299999999999997	Word	demandé
70.299	0.1700000000000017	Word	si
70.469	0.1400000000000005	Word	mon
70.609	0.3900000000000005	Word	dessin
71.0	0.1599999999999966	Word	leur
71.16	0.3599999999999994	Word	faisait
71.519	0.4400000000000048	Word	peur
73.358	0.1899999999999977	Word	elles
73.548	0.0500000000000042	Word	m
73.708	0.019999999999996	Word	ont
73.729	0.6300000000000026	Word	répondu
74.848	0.4899999999999949	Word	pourquoi
75.338	0.1300000000000025	Word	un
75.468	0.3900000000000005	Word	chapeau
75.858	0.3800000000000025	Word	ferait
76.238	0.1400000000000005	Word	-il
76.379	0.4099999999999966	Word	peur
77.858	0.1499999999999985	Word	mon
78.008	0.3000000000000042	Word	dessin
78.388	0.1099999999999994	Word	ne
78.498	0.6199999999999974	Word	représentait
79.118	0.240000000000002	Word	pas
79.358	0.0899999999999963	Word	un
79.448	0.4100000000000037	Word	chapeau
80.398	0.1400000000000005	Word	il
80.538	0.6799999999999997	Word	représentait
81.218	0.0900000000000034	Word	un
81.308	0.4199999999999946	Word	serpent
81.728	0.4000000000000057	Word	boa
82.128	0.2099999999999937	Word	qui
82.339	0.6400000000000006	Word	digérait
82.978	0.1599999999999966	Word	un
83.138	0.480000000000004	Word	éléphant
84.567	0.1299999999999954	Word	j
84.698	0.1700000000000017	Word	ai
84.868	0.3400000000000034	Word	alors
85.208	0.519999999999996	Word	dessiné
85.728	0.0600000000000022	Word	l
85.788	0.5400000000000063	Word	intérieur
86.328	0.0549999999999926	Word	du
86.438	0.3999999999999915	Word	serpent
86.838	0.3599999999999994	Word	boa
87.508	0.3100000000000023	Word	afin
87.818	0.1099999999999994	Word	que
87.928	0.1200000000000045	Word	les
88.049	0.25	Word	grandes
88.298	0.3999999999999915	Word	personnes
88.699	0.2199999999999988	Word	puissent
88.919	0.6400000000000006	Word	comprendre
90.178	0.3499999999999943	Word	elles
90.528	0.1900000000000119	Word	ont
90.868	0.6599999999999966	Word	toujours
91.528	0.3599999999999994	Word	besoin
91.888	0.0600000000000022	Word	d
91.948	0.6899999999999977	Word	explications
93.467	0.2199999999999988	Word	mon
93.688	0.3900000000000005	Word	dessin
94.077	0.4799999999999897	Word	numéro
94.558	0.2700000000000102	Word	2
95.008	0.2600000000000051	Word	était
95.268	0.2399999999999948	Word	comme
95.508	0.2199999999999988	Word	ça
97.147	0.1899999999999977	Word	les
97.337	0.2999999999999971	Word	grandes
97.637	0.4500000000000028	Word	personnes
98.137	0.0300000000000011	Word	m
98.168	0.1000000000000085	Word	ont
98.268	0.6199999999999903	Word	conseillé
98.888	0.1900000000000119	Word	de
99.078	0.3900000000000005	Word	laisser
99.468	0.1299999999999954	Word	de
99.598	0.4500000000000028	Word	côté
100.118	0.1899999999999977	Word	les
100.308	0.4200000000000017	Word	dessins
100.728	0.1099999999999994	Word	de
100.838	0.4699999999999988	Word	serpents
101.308	0.3900000000000005	Word	boas
101.838	0.519999999999996	Word	ouverts
102.468	0.039999999999992	Word	ou
102.548	0.4799999999999897	Word	fermés
103.358	0.0600000000000022	Word	et
103.418	0.1000000000000085	Word	de
103.518	0.0699999999999931	Word	m
103.589	0.5799999999999983	Word	intéresser
104.168	0.4100000000000108	Word	plutôt
104.578	0.0899999999999892	Word	à
104.669	0.1300000000000096	Word	la
104.799	0.789999999999992	Word	géographie
105.828	0.0799999999999983	Word	à
105.908	0.0499999999999971	Word	l
105.959	0.5900000000000034	Word	histoire
106.648	0.0499999999999971	Word	au
106.748	0.6600000000000108	Word	calcul
107.598	0.0999999999999943	Word	et
107.698	0.0700000000000073	Word	à
107.768	0.1499999999999914	Word	la
107.919	0.6700000000000017	Word	grammaire
109.557	0.1300000000000096	Word	c
109.688	0.1899999999999977	Word	est
109.878	0.4099999999999966	Word	ainsi
110.288	0.1200000000000045	Word	que
110.408	0.1299999999999954	Word	j
110.538	0.0400000000000062	Word	ai
110.579	0.6799999999999926	Word	abandonné
111.458	0.1200000000000045	Word	à
111.578	0.0799999999999983	Word	l
111.659	0.25	Word	âge
111.909	0.1099999999999994	Word	de
112.019	0.4399999999999977	Word	six
112.459	0.1700000000000017	Word	ans
112.998	0.2700000000000102	Word	une
113.269	0.8399999999999892	Word	magnifique
114.148	0.3700000000000045	Word	carrière
114.518	0.1700000000000017	Word	de
114.688	0.4199999999999875	Word	peintre
115.778	0.1500000000000056	Word	j
115.998	0.2700000000000102	Word	avais
116.268	0.2299999999999897	Word	été
116.498	0.9300000000000068	Word	découragé
117.427	0.2000000000000028	Word	par
117.628	0.0999999999999943	Word	l
117.728	0.6200000000000045	Word	insuccès
118.348	0.1099999999999994	Word	de
118.458	0.1700000000000017	Word	mon
118.628	0.3699999999999903	Word	dessin
118.998	0.5	Word	numéro
119.498	0.2400000000000091	Word	1
120.118	0.0900000000000034	Word	et
120.208	0.1400000000000005	Word	de
120.348	0.1599999999999966	Word	mon
120.508	0.3499999999999943	Word	dessin
120.858	0.4700000000000131	Word	numéro
121.398	0.1899999999999977	Word	2
122.617	0.1599999999999966	Word	les
122.777	0.2900000000000062	Word	grandes
123.068	0.6200000000000045	Word	personnes
123.687	0.059999999999988	Word	ne
123.748	0.480000000000004	Word	comprennent
124.228	0.4900000000000091	Word	jamais
124.717	0.2299999999999897	Word	rien
124.947	0.2199999999999988	Word	toutes
125.168	0.3400000000000034	Word	seules
125.887	0.0500000000000113	Word	et
125.938	0.1199999999999903	Word	c
126.058	0.0700000000000073	Word	est
126.128	0.6599999999999966	Word	fatigant
126.898	0.1700000000000017	Word	pour
127.068	0.2399999999999948	Word	les
127.308	0.3100000000000023	Word	enfants
128.008	0.1899999999999977	Word	de
128.198	0.6300000000000097	Word	toujours
128.828	0.1299999999999954	Word	et
128.958	0.6799999999999926	Word	toujours
129.638	0.2300000000000039	Word	leur
129.868	0.2900000000000062	Word	donner
130.158	0.1999999999999886	Word	des
130.358	0.7400000000000091	Word	explications
132.207	0.1200000000000045	Word	j
132.327	0.1199999999999903	Word	ai
132.447	0.2100000000000079	Word	donc
132.657	0.0999999999999943	Word	dû
132.818	0.4899999999999949	Word	choisir
133.307	0.1899999999999977	Word	un
133.498	0.2800000000000011	Word	autre
133.778	0.4400000000000119	Word	métier
134.617	0.0400000000000062	Word	et
134.658	0.1199999999999903	Word	j
134.778	0.0900000000000034	Word	ai
134.868	0.3599999999999994	Word	appris
135.228	0.0799999999999983	Word	à
135.358	0.4400000000000119	Word	piloter
135.798	0.2099999999999937	Word	des
136.008	0.3400000000000034	Word	avions
137.347	0.0900000000000034	Word	j
137.437	0.1499999999999914	Word	ai
137.588	0.3100000000000023	Word	volé
137.898	0.1400000000000005	Word	un
138.038	0.1299999999999954	Word	peu
138.168	0.3599999999999994	Word	partout
138.528	0.1600000000000108	Word	dans
138.688	0.0999999999999943	Word	le
138.788	0.4200000000000017	Word	monde
139.708	0.0300000000000011	Word	et
139.738	0.1499999999999914	Word	la
139.888	0.8700000000000045	Word	géographie
140.758	0.1200000000000045	Word	c
140.878	0.1400000000000005	Word	est
141.018	0.5300000000000011	Word	exact
141.708	0.1299999999999954	Word	m
141.837	0.0600000000000022	Word	a
141.898	0.4000000000000057	Word	beaucoup
142.298	0.4599999999999937	Word	servi
143.357	0.1300000000000096	Word	je
143.487	0.3699999999999903	Word	savais
143.858	0.6800000000000068	Word	reconnaître
144.537	0.0750000000000028	Word	du
144.687	0.5599999999999881	Word	premier
145.247	0.1800000000000068	Word	coup
145.427	0.0499999999999971	Word	d
145.478	0.3700000000000045	Word	oeil
146.067	0.1299999999999954	Word	la
146.198	0.4699999999999988	Word	chine
146.667	0.1400000000000005	Word	de
146.808	0.0600000000000022	Word	l
146.868	0.6099999999999994	Word	arizona
148.017	0.1200000000000045	Word	c
148.137	0.0699999999999931	Word	est
148.207	0.4000000000000057	Word	très
148.608	0.4600000000000079	Word	utile
149.137	0.2400000000000091	Word	si
149.378	0.039999999999992	Word	l
149.418	0.0800000000000125	Word	on
149.498	0.0300000000000011	Word	s
149.529	0.1599999999999966	Word	est
149.688	0.4000000000000057	Word	égaré
150.088	0.2699999999999818	Word	pendant
150.358	0.1299999999999954	Word	la
150.489	0.2700000000000102	Word	nuit
151.907	0.0900000000000034	Word	j
151.998	0.1299999999999954	Word	ai
152.128	0.4399999999999977	Word	ainsi
152.568	0.25	Word	eu
152.928	0.0649999999999977	Word	au
153.058	0.2399999999999806	Word	cours
153.298	0.1100000000000136	Word	de
153.408	0.1999999999999886	Word	ma
153.608	0.2199999999999988	Word	vie
154.128	0.25	Word	des
154.428	0.2600000000000193	Word	tas
154.688	0.1299999999999954	Word	de
154.818	0.539999999999992	Word	contacts
155.358	0.2900000000000204	Word	avec
155.648	0.2099999999999795	Word	des
155.858	0.2900000000000204	Word	tas
156.148	0.0999999999999943	Word	de
156.248	0.2099999999999795	Word	gens
156.458	0.5300000000000011	Word	sérieux
157.487	0.200000000000017	Word	j
157.688	0.0600000000000022	Word	ai
157.748	0.5999999999999943	Word	beaucoup
158.347	0.3100000000000023	Word	vécu
158.658	0.1899999999999977	Word	chez
158.848	0.1099999999999852	Word	les
158.958	0.2800000000000011	Word	grandes
159.238	0.6100000000000136	Word	personnes
160.047	0.200000000000017	Word	je
160.247	0.2199999999999988	Word	les
160.467	0.0999999999999943	Word	ai
160.568	0.1699999999999875	Word	vues
160.738	0.1700000000000159	Word	de
160.908	0.3499999999999943	Word	très
161.258	0.2599999999999909	Word	près
162.257	0.1999999999999886	Word	ça
162.457	0.0700000000000216	Word	n
162.528	0.1499999999999772	Word	a
162.788	0.1599999999999966	Word	pas
162.948	0.289999999999992	Word	trop
163.238	0.5200000000000102	Word	amélioré
163.758	0.1899999999999977	Word	mon
163.947	0.4699999999999988	Word	opinion
165.546	0.1800000000000068	Word	quand
165.727	0.0900000000000034	Word	j
165.817	0.1399999999999863	Word	en
165.957	0.8700000000000045	Word	rencontrais
166.827	0.1899999999999977	Word	une
167.017	0.200000000000017	Word	qui
167.217	0.1599999999999966	Word	me
167.377	0.5799999999999841	Word	paraissait
167.957	0.2199999999999988	Word	un
168.177	0.2100000000000079	Word	peu
168.387	0.5999999999999943	Word	lucide
169.307	0.1999999999999886	Word	je
169.507	0.3600000000000136	Word	faisais
169.867	0.0699999999999931	Word	l
169.937	0.7299999999999898	Word	expérience
170.667	0.1700000000000159	Word	sur
170.837	0.2299999999999897	Word	elle
171.067	0.1099999999999852	Word	de
171.177	0.1500000000000056	Word	mon
171.327	0.3400000000000034	Word	dessin
171.667	0.4200000000000159	Word	numéro
172.157	0.2400000000000091	Word	1
172.727	0.1100000000000136	Word	que
172.837	0.1599999999999966	Word	j
172.997	0.1299999999999954	Word	ai
173.257	0.5800000000000125	Word	toujours
173.837	0.6599999999999966	Word	conservé
175.146	0.1999999999999886	Word	je
175.346	0.25	Word	voulais
175.597	0.4499999999999886	Word	savoir
176.047	0.1700000000000159	Word	si
176.217	0.1200000000000045	Word	elle
176.337	0.2699999999999818	Word	était
176.607	0.5100000000000193	Word	vraiment
177.117	0.9399999999999976	Word	compréhensive
178.875	0.3199999999999932	Word	mais
179.196	0.6899999999999977	Word	toujours
179.966	0.1599999999999966	Word	elle
180.126	0.1099999999999852	Word	me
180.236	0.5800000000000125	Word	répondait
181.436	0.1099999999999852	Word	c
181.546	0.1500000000000056	Word	est
181.696	0.0500000000000113	Word	un
181.746	0.4699999999999988	Word	chapeau
183.405	0.7400000000000091	Word	alors
184.145	0.0299999999999727	Word	je
184.176	0.0300000000000011	Word	ne
184.206	0.2300000000000182	Word	lui
184.436	0.3599999999999852	Word	parlais
184.796	0.2800000000000011	Word	ni
185.076	0.1200000000000045	Word	de
185.196	0.4099999999999966	Word	serpents
185.606	0.4200000000000159	Word	boas
186.326	0.2199999999999988	Word	ni
186.546	0.1100000000000136	Word	de
186.656	0.3400000000000034	Word	forêts
186.996	0.5099999999999909	Word	vierges
187.766	0.2199999999999988	Word	ni
187.986	0.0500000000000113	Word	d
188.037	0.5600000000000023	Word	étoiles
189.216	0.1999999999999886	Word	je
189.416	0.2300000000000182	Word	me
189.646	0.3299999999999841	Word	mettais
189.976	0.0699999999999931	Word	à
190.046	0.1899999999999977	Word	sa
190.237	0.4800000000000182	Word	portée
191.206	0.1800000000000068	Word	je
191.386	0.1400000000000147	Word	lui
191.526	0.2800000000000011	Word	parlais
191.807	0.1199999999999761	Word	de
191.927	0.4800000000000182	Word	bridge
192.656	0.1800000000000068	Word	de
192.836	0.549999999999983	Word	golf
193.506	0.1299999999999954	Word	de
193.637	0.5999999999999943	Word	politique
194.466	0.039999999999992	Word	et
194.507	0.1299999999999954	Word	de
194.637	0.6700000000000159	Word	cravates
196.126	0.0499999999999829	Word	et
196.176	0.1400000000000147	Word	la
196.316	0.2700000000000102	Word	grande
196.586	0.5099999999999909	Word	personne
197.186	0.1999999999999886	Word	était
197.386	0.3000000000000113	Word	bien
197.686	0.5600000000000023	Word	contente
198.246	0.0300000000000011	Word	de
198.277	0.3999999999999772	Word	connaître
198.676	0.1400000000000147	Word	un
198.816	0.2199999999999988	Word	homme
199.187	0.5099999999999909	Word	aussi
199.696	0.7700000000000102	Word	raisonnable
203.624	0.039999999999992	Word	j
203.794	0.0700000000000216	Word	ai
203.965	0.2999999999999829	Word	ainsi
204.344	0.3100000000000023	Word	vécu
204.815	0.4199999999999875	Word	seul
205.435	0.2800000000000011	Word	sans
205.755	0.5800000000000125	Word	personne
206.335	0.3199999999999932	Word	avec
206.655	0.079999999999984	Word	qui
206.735	0.3800000000000239	Word	parler
207.115	0.8799999999999955	Word	véritablement
208.315	0.5999999999999943	Word	jusqu
208.915	0.0999999999999943	Word	à
209.015	0.2400000000000091	Word	une
209.255	0.2800000000000011	Word	panne
209.535	0.1899999999999977	Word	dans
209.726	0.1200000000000045	Word	le
209.846	0.4300000000000068	Word	désert
210.276	0.0549999999999784	Word	du
210.386	0.6400000000000148	Word	sahara
211.245	0.1200000000000045	Word	il
211.366	0.1799999999999784	Word	y
211.546	0.0900000000000034	Word	a
211.636	0.4300000000000068	Word	six
212.066	0.0999999999999943	Word	ans
213.106	0.3199999999999932	Word	quelque
213.426	0.3100000000000023	Word	chose
213.736	0.0400000000000204	Word	s
213.846	0.2299999999999897	Word	était
214.076	0.4200000000000159	Word	cassé
214.496	0.1299999999999954	Word	dans
214.626	0.1299999999999954	Word	mon
214.756	0.5900000000000034	Word	moteur
215.886	0.1200000000000045	Word	et
216.006	0.2599999999999909	Word	comme
216.266	0.1400000000000147	Word	je
216.406	0.0600000000000022	Word	n
216.466	0.2800000000000011	Word	avais
216.746	0.289999999999992	Word	avec
217.037	0.25	Word	moi
217.286	0.289999999999992	Word	ni
217.577	0.9300000000000068	Word	mécanicien
218.766	0.2900000000000204	Word	ni
219.056	0.6499999999999773	Word	passagers
220.115	0.1699999999999875	Word	je
220.285	0.1100000000000136	Word	me
220.456	0.5200000000000102	Word	préparai
220.976	0.0900000000000034	Word	à
221.066	0.4699999999999988	Word	essayer
221.536	0.1599999999999966	Word	de
221.696	0.7199999999999989	Word	réussir
222.625	0.1599999999999966	Word	tout
222.786	0.4300000000000068	Word	seul
223.635	0.200000000000017	Word	une
223.835	0.8299999999999841	Word	réparation
224.665	0.7300000000000182	Word	difficile
226.244	0.0699999999999931	Word	c
226.315	0.3400000000000034	Word	était
226.655	0.1800000000000068	Word	pour
226.835	0.2599999999999909	Word	moi
227.095	0.1999999999999886	Word	une
227.295	0.4900000000000091	Word	question
227.785	0.2199999999999988	Word	de
228.115	0.1899999999999977	Word	vie
228.305	0.1199999999999761	Word	ou
228.426	0.1500000000000056	Word	de
228.576	0.4200000000000159	Word	mort
229.436	0.1299999999999954	Word	j
229.566	0.2700000000000102	Word	avais
229.886	0.1599999999999966	Word	à
230.046	0.3500000000000227	Word	peine
230.396	0.1299999999999954	Word	de
230.526	0.0699999999999931	Word	l
230.596	0.1399999999999863	Word	eau
230.736	0.1000000000000227	Word	à
230.837	0.3699999999999761	Word	boire
231.256	0.25	Word	pour
231.507	0.3100000000000023	Word	huit
231.817	0.4499999999999886	Word	jours
233.205	0.1700000000000159	Word	le
233.376	0.3499999999999943	Word	premier
233.726	0.4799999999999897	Word	soir
234.206	0.160000000000025	Word	je
234.366	0.0999999999999943	Word	me
234.466	0.2299999999999897	Word	suis
234.696	0.289999999999992	Word	donc
234.986	0.5600000000000023	Word	endormi
235.546	0.2199999999999988	Word	sur
235.766	0.1200000000000045	Word	le
235.886	0.5600000000000023	Word	sable
236.576	0.1400000000000147	Word	à
236.716	0.3899999999999863	Word	mille
237.106	0.4399999999999977	Word	milles
237.546	0.1400000000000147	Word	de
237.686	0.3599999999999852	Word	toute
238.046	0.3300000000000125	Word	terre
238.376	0.5099999999999909	Word	habitée
239.565	0.0600000000000022	Word	j
239.625	0.3799999999999954	Word	étais
240.005	0.3900000000000148	Word	bien
240.396	0.2599999999999909	Word	plus
240.656	0.4499999999999886	Word	isolé
241.105	0.0999999999999943	Word	qu
241.206	0.0800000000000125	Word	un
241.286	0.6100000000000136	Word	naufragé
241.895	0.2199999999999988	Word	sur
242.116	0.1399999999999863	Word	un
242.256	0.4600000000000079	Word	radeau
242.715	0.0099999999999909	Word	au
242.737	0.3000000000000113	Word	milieu
243.036	0.1100000000000136	Word	de
243.146	0.039999999999992	Word	l
243.187	0.4600000000000079	Word	océan
244.476	0.539999999999992	Word	alors
245.095	0.1800000000000068	Word	vous
245.276	0.5900000000000034	Word	imaginez
245.865	0.1599999999999966	Word	ma
246.025	0.7599999999999909	Word	surprise
247.205	0.075000000000017	Word	au
247.355	0.3199999999999932	Word	lever
247.675	0.0650000000000261	Word	du
247.805	0.4699999999999988	Word	jour
248.705	0.2199999999999988	Word	quand
248.925	0.2100000000000079	Word	une
249.135	0.4300000000000068	Word	drôle
249.565	0.1500000000000056	Word	de
249.715	0.3799999999999954	Word	petite
250.095	0.2299999999999897	Word	voix
250.525	0.0999999999999943	Word	m
250.625	0.0900000000000034	Word	a
250.716	0.6699999999999875	Word	réveillé
252.235	0.2199999999999988	Word	elle
252.455	0.5100000000000193	Word	disait
253.624	0.1800000000000068	Word	s
253.804	0.1299999999999954	Word	il
253.975	0.1400000000000147	Word	vous
254.115	0.3999999999999772	Word	plaît
254.895	0.4099999999999966	Word	dessine
255.305	0.1099999999999852	Word	-moi
255.415	0.1700000000000159	Word	un
255.585	0.5199999999999818	Word	mouton
257.044	0.4099999999999966	Word	hein
258.633	0.450000000000017	Word	dessine
259.084	0.339999999999975	Word	-moi
259.424	0.0500000000000113	Word	un
259.474	0.4900000000000091	Word	mouton
261.053	0.0900000000000034	Word	j
261.144	0.1199999999999761	Word	ai
261.264	0.5	Word	sauté
261.764	0.2300000000000182	Word	sur
261.994	0.1399999999999863	Word	mes
262.134	0.1899999999999977	Word	pieds
262.325	0.2199999999999988	Word	comme
262.545	0.1299999999999954	Word	si
262.675	0.1000000000000227	Word	j
262.775	0.1899999999999977	Word	avais
262.965	0.2999999999999829	Word	été
263.265	0.6200000000000045	Word	frappé
263.885	0.1299999999999954	Word	par
264.015	0.1500000000000056	Word	la
264.165	0.4900000000000091	Word	foudre
265.135	0.1299999999999954	Word	j
265.265	0.1599999999999966	Word	ai
265.425	0.3400000000000034	Word	bien
265.765	0.4099999999999966	Word	frotté
266.175	0.2800000000000011	Word	mes
266.455	0.1900000000000261	Word	yeux
266.955	0.1400000000000147	Word	j
267.095	0.1299999999999954	Word	ai
267.225	0.3799999999999954	Word	bien
267.605	0.6100000000000136	Word	regardé
268.765	0.0900000000000034	Word	et
268.855	0.200000000000017	Word	j
269.055	0.1199999999999761	Word	ai
269.175	0.2800000000000011	Word	vu
269.595	0.2100000000000079	Word	un
269.805	0.4599999999999795	Word	petit
270.265	0.4699999999999988	Word	bonhomme
270.905	0.3100000000000023	Word	tout
271.215	0.0999999999999943	Word	à
271.315	0.3300000000000125	Word	fait
271.645	1.25	Word	extraordinaire
273.034	0.1500000000000056	Word	qui
273.185	0.1699999999999875	Word	me
273.355	0.710000000000008	Word	considérait
274.064	0.6999999999999886	Word	gravement
275.563	0.4800000000000182	Word	voilà
276.044	0.2200000000000272	Word	le
276.264	0.4199999999999591	Word	meilleur
276.684	0.4700000000000273	Word	portrait
277.154	0.3299999999999841	Word	que
277.704	0.2299999999999613	Word	plus
277.934	0.4900000000000091	Word	tard
278.514	0.1099999999999568	Word	j
278.624	0.0900000000000318	Word	ai
278.714	0.5099999999999909	Word	réussi
279.224	0.0699999999999931	Word	à
279.295	0.1999999999999886	Word	faire
279.495	0.1299999999999954	Word	de
279.625	0.2800000000000295	Word	lui
280.584	0.1999999999999886	Word	mais
280.784	0.160000000000025	Word	mon
280.945	0.3999999999999772	Word	dessin
281.345	0.2199999999999704	Word	bien
281.565	0.4400000000000545	Word	sûr
282.314	0.1500000000000341	Word	est
282.465	0.4599999999999795	Word	beaucoup
282.925	0.2400000000000091	Word	moins
283.165	0.6200000000000045	Word	ravissant
283.784	0.1000000000000227	Word	que
283.885	0.1399999999999863	Word	le
284.025	0.4499999999999886	Word	modèle
285.474	0.079999999999984	Word	ce
285.604	0.0300000000000295	Word	n
285.635	0.0999999999999659	Word	est
285.735	0.1299999999999954	Word	pas
285.865	0.1500000000000341	Word	ma
286.015	0.4499999999999886	Word	faute
286.905	0.1100000000000136	Word	j
287.015	0.1800000000000068	Word	avais
287.195	0.2799999999999727	Word	été
287.475	0.6499999999999773	Word	découragé
288.124	0.160000000000025	Word	dans
288.285	0.1000000000000227	Word	ma
288.385	0.4499999999999886	Word	carrière
288.835	0.1700000000000159	Word	de
289.005	0.3799999999999954	Word	peintre
289.385	0.169999999999959	Word	par
289.555	0.0800000000000409	Word	les
289.636	0.2599999999999909	Word	grandes
289.895	0.589999999999975	Word	personnes
290.695	0.1099999999999568	Word	à
290.805	0.0699999999999931	Word	l
290.875	0.2000000000000454	Word	âge
291.076	0.1099999999999568	Word	de
291.185	0.3700000000000045	Word	six
291.555	0.1800000000000068	Word	ans
292.145	0.0399999999999636	Word	et
292.185	0.1500000000000341	Word	je
292.336	0.0600000000000022	Word	n
292.396	0.25	Word	avais
292.646	0.4499999999999886	Word	rien
293.096	0.3600000000000136	Word	appris
293.455	0.0699999999999931	Word	à
293.526	0.5999999999999659	Word	dessiner
294.415	0.410000000000025	Word	sauf
294.825	0.1499999999999772	Word	les
294.975	0.2699999999999818	Word	boas
295.245	0.4600000000000364	Word	fermés
295.885	0.0499999999999545	Word	et
295.935	0.1200000000000045	Word	les
296.055	0.3000000000000113	Word	boas
296.355	0.6100000000000136	Word	ouverts
298.194	0.1899999999999977	Word	je
298.384	0.5299999999999727	Word	regardai
298.914	0.3000000000000113	Word	donc
299.214	0.2400000000000091	Word	cette
299.454	0.6599999999999682	Word	apparition
300.343	0.3000000000000113	Word	avec
300.644	0.3000000000000113	Word	des
300.944	0.2099999999999795	Word	yeux
301.154	0.3500000000000227	Word	tout
301.504	0.3999999999999772	Word	ronds
301.904	0.079999999999984	Word	d
301.984	0.5	Word	étonnement
303.163	0.160000000000025	Word	n
303.324	0.3700000000000045	Word	oubliez
303.694	0.1799999999999499	Word	pas
303.874	0.1100000000000136	Word	que
303.984	0.1700000000000159	Word	je
304.154	0.1100000000000136	Word	me
304.265	0.4499999999999886	Word	trouvais
304.714	0.0699999999999931	Word	à
304.785	0.3299999999999841	Word	mille
305.115	0.3000000000000113	Word	milles
305.415	0.1299999999999954	Word	de
305.545	0.3500000000000227	Word	toute
305.895	0.3999999999999772	Word	région
306.295	0.5	Word	habitée
307.804	0.2900000000000204	Word	or
308.134	0.1799999999999499	Word	mon
308.314	0.3400000000000318	Word	petit
308.654	0.4499999999999886	Word	bonhomme
309.104	0.1299999999999954	Word	ne
309.234	0.1399999999999863	Word	me
309.374	0.5100000000000477	Word	semblait
309.884	0.3700000000000045	Word	ni
310.254	0.5599999999999454	Word	égaré
311.064	0.2200000000000272	Word	ni
311.284	0.2400000000000091	Word	mort
311.524	0.1100000000000136	Word	de
311.634	0.5600000000000023	Word	fatigue
312.474	0.2099999999999795	Word	ni
312.684	0.2200000000000272	Word	mort
312.904	0.1200000000000045	Word	de
313.024	0.339999999999975	Word	faim
313.694	0.1999999999999886	Word	ni
313.894	0.1999999999999886	Word	mort
314.094	0.1299999999999954	Word	de
314.224	0.5199999999999818	Word	soif
314.934	0.2800000000000295	Word	ni
315.214	0.2099999999999795	Word	mort
315.424	0.160000000000025	Word	de
315.585	0.4200000000000159	Word	peur
316.804	0.2100000000000363	Word	il
317.014	0.0600000000000022	Word	n
317.074	0.3700000000000045	Word	avait
317.444	0.169999999999959	Word	en
317.614	0.3600000000000136	Word	rien
317.974	0.1100000000000136	Word	l
318.085	0.5999999999999659	Word	apparence
318.684	0.0600000000000022	Word	d
318.744	0.1299999999999954	Word	un
318.924	0.3600000000000136	Word	enfant
319.354	0.4399999999999977	Word	perdu
319.794	0.0300000000000295	Word	au
319.854	0.410000000000025	Word	milieu
320.265	0.0699999999999931	Word	du
320.404	0.5500000000000114	Word	désert
321.124	0.1500000000000341	Word	à
321.274	0.2799999999999727	Word	mille
321.555	0.2800000000000295	Word	milles
321.834	0.1200000000000045	Word	de
321.955	0.2400000000000091	Word	toute
322.195	0.339999999999975	Word	région
322.534	0.5500000000000114	Word	habitée
323.964	0.1700000000000159	Word	quand
324.134	0.169999999999959	Word	je
324.304	0.5400000000000205	Word	réussis
324.844	0.6200000000000045	Word	enfin
325.463	0.0299999999999727	Word	à
325.494	0.4700000000000273	Word	parler
326.124	0.1500000000000341	Word	je
326.274	0.2300000000000182	Word	lui
326.504	0.2599999999999909	Word	dis
327.443	0.339999999999975	Word	mais
328.343	0.0899999999999749	Word	qu
328.433	0.1400000000000432	Word	est
328.574	0.1499999999999772	Word	-ce
328.723	0.1499999999999772	Word	que
328.874	0.2600000000000477	Word	tu
329.134	0.2199999999999704	Word	fais
329.354	0.1800000000000068	Word	là
330.683	0.160000000000025	Word	et
330.843	0.0699999999999931	Word	il
330.914	0.0900000000000318	Word	me
331.004	0.589999999999975	Word	répéta
331.594	0.410000000000025	Word	alors
332.193	0.1599999999999681	Word	tout
332.354	0.5699999999999932	Word	doucement
333.293	0.2800000000000295	Word	comme
333.573	0.1599999999999681	Word	une
333.733	0.4600000000000364	Word	chose
334.193	0.2599999999999909	Word	très
334.454	0.6899999999999977	Word	sérieuse
335.823	0.2199999999999704	Word	s
336.043	0.160000000000025	Word	il
336.203	0.169999999999959	Word	vous
336.373	0.6400000000000432	Word	plaît
337.453	0.4499999999999886	Word	dessine
337.903	0.2099999999999795	Word	-moi
338.113	0.1500000000000341	Word	un
338.263	0.589999999999975	Word	mouton
340.342	0.2599999999999909	Word	quand
340.602	0.0300000000000295	Word	le
340.712	0.4200000000000159	Word	mystère
341.133	0.1099999999999568	Word	est
341.243	0.2300000000000182	Word	trop
341.513	0.6999999999999886	Word	impressionnant
342.462	0.1100000000000136	Word	on
342.573	0.0299999999999727	Word	n
342.603	0.1700000000000159	Word	ose
342.773	0.1899999999999977	Word	pas
342.963	0.7599999999999909	Word	désobéir
344.832	0.4799999999999613	Word	aussi
345.312	0.6900000000000546	Word	absurde
346.002	0.1099999999999568	Word	que
346.112	0.3300000000000409	Word	cela
346.442	0.1399999999999863	Word	me
346.583	0.5600000000000023	Word	semblât
347.352	0.1500000000000341	Word	à
347.503	0.4699999999999704	Word	mille
347.973	0.3100000000000023	Word	milles
348.283	0.1800000000000068	Word	de
348.583	0.2299999999999613	Word	tous
348.813	0.2400000000000091	Word	les
349.053	0.410000000000025	Word	endroits
349.463	0.5400000000000205	Word	habités
350.323	0.0600000000000022	Word	et
350.383	0.1399999999999863	Word	en
350.523	0.4800000000000182	Word	danger
351.003	0.1999999999999886	Word	de
351.203	0.5600000000000023	Word	mort
352.093	0.1700000000000159	Word	je
352.263	0.4399999999999977	Word	sortis
352.703	0.0999999999999659	Word	de
352.803	0.1800000000000068	Word	ma
352.983	0.4300000000000068	Word	poche
353.473	0.2300000000000182	Word	une
353.703	0.25	Word	feuille
353.953	0.1299999999999954	Word	de
354.084	0.5299999999999727	Word	papier
354.883	0.079999999999984	Word	et
354.964	0.1200000000000045	Word	un
355.084	0.8799999999999955	Word	stylographe
356.932	0.1800000000000068	Word	mais
357.112	0.1400000000000432	Word	je
357.253	0.0599999999999454	Word	me
357.313	0.410000000000025	Word	rappelai
357.803	0.3900000000000432	Word	alors
358.193	0.0999999999999659	Word	que
358.293	0.1100000000000136	Word	j
358.404	0.1800000000000068	Word	avais
358.583	0.4599999999999795	Word	surtout
359.043	0.410000000000025	Word	étudié
359.454	0.0999999999999659	Word	la
359.554	0.7599999999999909	Word	géographie
360.583	0.0699999999999931	Word	l
360.653	0.6100000000000136	Word	histoire
361.343	0.1800000000000068	Word	le
361.523	0.5600000000000023	Word	calcul
362.293	0.0699999999999931	Word	et
362.363	0.1400000000000432	Word	la
362.503	0.5799999999999841	Word	grammaire
363.593	0.0500000000000113	Word	et
363.643	0.169999999999959	Word	je
363.813	0.2300000000000182	Word	dis
364.043	0.0399999999999636	Word	au
364.123	0.2900000000000204	Word	petit
364.413	0.4599999999999795	Word	bonhomme
365.253	0.2999999999999545	Word	avec
365.553	0.1200000000000045	Word	un
365.673	0.1500000000000341	Word	peu
365.823	0.0899999999999749	Word	de
365.914	0.3899999999999863	Word	mauvaise
366.304	0.4300000000000068	Word	humeur
367.193	0.1099999999999568	Word	que
367.303	0.1200000000000045	Word	je
367.424	0.1100000000000136	Word	ne
367.534	0.3700000000000045	Word	savais
367.904	0.1599999999999681	Word	pas
368.064	0.5100000000000477	Word	dessiner
369.573	0.1599999999999681	Word	il
369.733	0.079999999999984	Word	me
369.813	0.5800000000000409	Word	répondit
370.902	0.1899999999999977	Word	ça
371.092	0.0600000000000022	Word	ne
371.153	0.1599999999999681	Word	fait
371.313	0.3000000000000113	Word	rien
372.163	0.3700000000000045	Word	dessine
372.533	0.2200000000000272	Word	-moi
372.753	0.0899999999999749	Word	un
372.843	0.3600000000000136	Word	mouton
374.372	0.2300000000000182	Word	comme
374.602	0.2099999999999795	Word	je
374.812	0.0300000000000295	Word	n
374.843	0.3799999999999954	Word	avais
375.223	0.4700000000000273	Word	jamais
375.693	0.42999999999995	Word	dessiné
376.123	0.2000000000000454	Word	un
376.323	0.3299999999999841	Word	mouton
376.932	0.1800000000000068	Word	je
377.113	0.5200000000000387	Word	refis
377.812	0.2400000000000091	Word	pour
378.052	0.3100000000000023	Word	lui
378.552	0.1100000000000136	Word	l
378.663	0.1200000000000045	Word	un
378.783	0.1499999999999772	Word	des
378.933	0.2900000000000204	Word	deux
379.223	0.3500000000000227	Word	seuls
379.573	0.3599999999999568	Word	dessins
379.933	0.1100000000000136	Word	dont
380.043	0.1100000000000136	Word	j
380.153	0.2099999999999795	Word	étais
380.364	0.5500000000000114	Word	capable
381.573	0.4199999999999591	Word	celui
381.992	0.0649999999999977	Word	du
382.122	0.2600000000000477	Word	boa
382.383	0.4899999999999522	Word	fermé
383.812	0.0800000000000409	Word	et
383.892	0.2199999999999704	Word	je
384.112	0.2800000000000295	Word	fus
384.392	1.0199999999999818	Word	stupéfait
385.602	0.0699999999999931	Word	d
385.732	0.5	Word	entendre
386.232	0.1299999999999954	Word	le
386.362	0.3000000000000113	Word	petit
386.662	0.5099999999999909	Word	bonhomme
387.172	0.0400000000000204	Word	me
387.212	0.5799999999999841	Word	répondre
388.432	0.3300000000000409	Word	non
389.012	0.4199999999999591	Word	non
389.572	0.1499999999999772	Word	je
389.722	0.0400000000000204	Word	ne
389.762	0.2099999999999795	Word	veux
389.972	0.1399999999999863	Word	pas
390.112	0.0300000000000295	Word	d
390.143	0.1399999999999863	Word	un
390.283	0.3600000000000136	Word	éléphant
390.643	0.2199999999999704	Word	dans
390.863	0.1100000000000136	Word	un
390.973	0.339999999999975	Word	boa
391.813	0.1900000000000545	Word	un
392.003	0.2599999999999909	Word	boa
392.263	0.1099999999999568	Word	c
392.373	0.0500000000000113	Word	est
392.423	0.160000000000025	Word	très
392.584	0.5600000000000023	Word	dangereux
393.363	0.0699999999999931	Word	et
393.433	0.1400000000000432	Word	un
393.573	0.3499999999999659	Word	éléphant
393.923	0.1000000000000227	Word	c
394.024	0.0399999999999636	Word	est
394.064	0.25	Word	très
394.314	0.5100000000000477	Word	encombrant
395.303	0.2100000000000363	Word	chez
395.513	0.2099999999999795	Word	moi
395.723	0.1000000000000227	Word	c
395.823	0.0899999999999749	Word	est
395.914	0.1499999999999772	Word	tout
396.064	0.4900000000000091	Word	petit
396.973	0.0899999999999749	Word	j
397.063	0.1300000000000523	Word	ai
397.194	0.3299999999999841	Word	besoin
397.523	0.0299999999999727	Word	d
397.554	0.1299999999999954	Word	un
397.684	0.4800000000000182	Word	mouton
398.633	0.3999999999999772	Word	dessine
399.033	0.1200000000000045	Word	-moi
399.153	0.1499999999999772	Word	un
399.303	0.4200000000000159	Word	mouton
400.672	0.4600000000000364	Word	alors
401.132	0.0999999999999659	Word	j
401.232	0.0900000000000318	Word	ai
401.322	0.5600000000000023	Word	dessiné
402.601	0.1800000000000068	Word	il
402.782	0.589999999999975	Word	regarda
403.372	0.6400000000000432	Word	attentivement
404.141	0.3299999999999841	Word	puis
405.161	0.3600000000000136	Word	non
405.861	0.3300000000000409	Word	celui
406.191	0.169999999999959	Word	-là
406.361	0.3500000000000227	Word	est
406.711	0.1999999999999886	Word	très
406.912	0.4700000000000273	Word	malade
407.691	0.1899999999999977	Word	fais
407.881	0.0999999999999659	Word	-en
407.982	0.160000000000025	Word	un
408.142	0.3199999999999932	Word	autre
409.211	0.1800000000000068	Word	je
409.391	0.6599999999999682	Word	dessinai
410.801	0.2000000000000454	Word	mon
411.001	0.2799999999999727	Word	ami
411.281	0.3600000000000136	Word	sourit
411.641	0.5600000000000023	Word	gentiment
412.451	0.2699999999999818	Word	avec
412.721	0.8100000000000023	Word	indulgence
414.031	0.1700000000000159	Word	tu
414.201	0.25	Word	vois
414.451	0.4099999999999681	Word	bien
415.091	0.1399999999999863	Word	ce
415.231	0.0500000000000113	Word	n
415.282	0.1100000000000136	Word	est
415.392	0.1899999999999977	Word	pas
415.582	0.1299999999999954	Word	un
415.712	0.3799999999999954	Word	mouton
416.092	0.1000000000000227	Word	c
416.192	0.1499999999999772	Word	est
416.342	0.1000000000000227	Word	un
416.443	0.6199999999999477	Word	bélier
417.172	0.1500000000000341	Word	il
417.322	0.0999999999999659	Word	a
417.423	0.1500000000000341	Word	des
417.573	0.6399999999999864	Word	cornes
419.371	0.1700000000000159	Word	je
419.541	0.4000000000000341	Word	refis
419.942	0.3299999999999841	Word	donc
420.342	0.4800000000000182	Word	encore
420.822	0.1499999999999772	Word	mon
420.972	0.4200000000000159	Word	dessin
421.961	0.2699999999999818	Word	mais
422.231	0.1000000000000227	Word	il
422.332	0.1899999999999977	Word	fut
422.522	0.6499999999999773	Word	refusé
423.451	0.2099999999999795	Word	comme
423.661	0.1299999999999954	Word	les
423.792	0.6000000000000227	Word	précédents
425.341	0.3000000000000113	Word	celui
425.691	0.1499999999999772	Word	-là
425.841	0.1100000000000136	Word	est
425.951	0.2799999999999727	Word	trop
426.231	0.3199999999999932	Word	vieux
426.861	0.1400000000000432	Word	je
427.001	0.2099999999999795	Word	veux
427.212	0.1499999999999772	Word	un
427.362	0.3600000000000136	Word	mouton
427.722	0.1700000000000159	Word	qui
427.892	0.2799999999999727	Word	vive
428.172	0.5699999999999932	Word	longtemps
429.721	0.2800000000000295	Word	alors
430.311	0.3600000000000136	Word	faute
430.671	0.1200000000000045	Word	de
430.791	0.7400000000000091	Word	patience
431.851	0.1899999999999977	Word	comme
432.041	0.0900000000000318	Word	j
432.131	0.2999999999999545	Word	avais
432.431	0.3300000000000409	Word	hâte
432.761	0.1200000000000045	Word	de
432.882	0.5099999999999909	Word	commencer
433.391	0.0899999999999749	Word	le
433.482	0.5500000000000114	Word	démontage
434.031	0.0899999999999749	Word	de
434.122	0.1400000000000432	Word	mon
434.262	0.5199999999999818	Word	moteur
435.181	0.160000000000025	Word	je
435.342	0.7400000000000091	Word	griffonnai
436.191	0.2599999999999909	Word	ce
436.451	0.3700000000000045	Word	dessin
436.821	0.3199999999999932	Word	-ci
437.98	0.0600000000000022	Word	et
438.041	0.079999999999984	Word	je
438.211	0.5199999999999818	Word	lançai
439.181	0.2800000000000295	Word	ça
439.671	0.0500000000000113	Word	c
439.721	0.0600000000000022	Word	est
439.781	0.1499999999999772	Word	la
439.931	0.4600000000000364	Word	caisse
440.631	0.1200000000000045	Word	le
440.752	0.339999999999975	Word	mouton
441.091	0.1499999999999772	Word	que
441.242	0.2000000000000454	Word	tu
441.442	0.2299999999999613	Word	veux
441.782	0.1200000000000045	Word	est
441.902	0.4099999999999681	Word	dedans
443.281	0.3100000000000023	Word	mais
443.591	0.0299999999999727	Word	je
443.622	0.2300000000000182	Word	fus
443.851	0.3100000000000023	Word	bien
444.161	0.5	Word	surpris
444.661	0.1299999999999954	Word	de
444.792	0.3299999999999841	Word	voir
445.121	0.1800000000000068	Word	s
445.302	0.5200000000000387	Word	illuminer
445.822	0.1200000000000045	Word	le
445.942	0.5199999999999818	Word	visage
446.462	0.1200000000000045	Word	de
446.582	0.1499999999999772	Word	mon
446.732	0.2900000000000204	Word	jeune
447.022	0.4800000000000182	Word	juge
448.061	0.1200000000000045	Word	c
448.181	0.1500000000000341	Word	est
448.471	0.2200000000000272	Word	tout
448.692	0.0999999999999659	Word	a
448.792	0.1700000000000159	Word	fait
448.962	0.2300000000000182	Word	comme
449.192	0.2399999999999522	Word	ça
449.432	0.1500000000000341	Word	que
449.583	0.1499999999999772	Word	je
449.732	0.1500000000000341	Word	le
449.883	0.3499999999999659	Word	voulais
450.762	0.2199999999999704	Word	crois
450.982	0.1500000000000341	Word	-tu
451.132	0.1099999999999568	Word	qu
451.242	0.0900000000000318	Word	il
451.333	0.1899999999999977	Word	faille
451.523	0.2799999999999727	Word	beaucoup
451.803	0.0300000000000295	Word	d
451.833	0.2400000000000091	Word	herbe
452.073	0.0899999999999749	Word	à
452.163	0.1299999999999954	Word	ce
452.293	0.3700000000000045	Word	mouton
453.542	0.410000000000025	Word	pourquoi
454.701	0.2699999999999818	Word	parce
454.971	0.0600000000000022	Word	que
455.031	0.2300000000000182	Word	chez
455.262	0.1800000000000068	Word	moi
455.442	0.0999999999999659	Word	c
455.542	0.1100000000000136	Word	est
455.652	0.1700000000000159	Word	tout
455.822	0.4799999999999613	Word	petit
457.041	0.160000000000025	Word	ça
457.201	0.4499999999999886	Word	suffira
457.651	0.5099999999999909	Word	sûrement
458.421	0.1800000000000068	Word	je
458.601	0.0500000000000113	Word	t
458.651	0.0699999999999931	Word	ai
458.722	0.2400000000000091	Word	donné
458.962	0.1100000000000136	Word	un
459.072	0.1499999999999772	Word	tout
459.222	0.2800000000000295	Word	petit
459.502	0.42999999999995	Word	mouton
460.831	0.1800000000000068	Word	il
461.011	0.3599999999999568	Word	pencha
461.371	0.1300000000000523	Word	la
461.501	0.2599999999999909	Word	tête
461.762	0.1599999999999681	Word	vers
461.922	0.1000000000000227	Word	le
462.022	0.4499999999999886	Word	dessin
463.481	0.079999999999984	Word	pas
463.561	0.2400000000000091	Word	si
463.801	0.2900000000000204	Word	petit
464.091	0.1000000000000227	Word	que
464.191	0.2699999999999818	Word	ça
465.09	0.339999999999975	Word	tiens
465.801	0.160000000000025	Word	il
465.961	0.0400000000000204	Word	s
466.001	0.1399999999999863	Word	est
466.141	0.4399999999999977	Word	endormi
467.832	0.0887480000000096	Word	et
467.921	0.126780999999994	Word	c
468.048	0.0923329999999964	Word	est
468.141	0.5099999999999909	Word	ainsi
468.831	0.1499999999999772	Word	que
468.981	0.1399999999999863	Word	je
469.121	0.1200000000000045	Word	fis
469.281	0.1200000000000045	Word	la
469.401	0.6899999999999977	Word	connaissance
470.091	0.0600000000000022	Word	du
470.211	0.3100000000000023	Word	petit
470.521	0.5299999999999727	Word	prince
474.114	0.1457990000000109	Word	il
474.26	0.188822000000016	Word	me
474.449	0.25	Word	fallut
474.979	0.4700000000000273	Word	longtemps
475.449	0.2299999999999613	Word	pour
475.68	0.660000000000025	Word	comprendre
476.379	0.0399999999999636	Word	d
476.42	0.1800000000000068	Word	où
476.6	0.1800000000000068	Word	il
476.78	0.3500000000000227	Word	venait
477.825	0.114103	Word	le
477.939	0.3209420000000023	Word	petit
478.26	0.5600000000000023	Word	prince
478.82	0.2399999999999522	Word	qui
479.06	0.160000000000025	Word	me
479.22	0.3799999999999954	Word	posait
479.6	0.4499999999999886	Word	beaucoup
480.05	0.1299999999999954	Word	de
480.181	0.4300000000000068	Word	questions
480.92	0.1899999999999977	Word	ne
481.11	0.5200000000000387	Word	semblait
481.63	0.6200000000000045	Word	jamais
482.25	0.4399999999999977	Word	entendre
482.69	0.1499999999999772	Word	les
482.84	0.3899999999999863	Word	miennes
484.0	0.2199999999999704	Word	ce
484.22	0.2599999999999909	Word	sont
484.48	0.1299999999999954	Word	des
484.61	0.2599999999999909	Word	mots
484.87	0.6300000000000523	Word	prononcés
485.5	0.2099999999999795	Word	par
485.71	0.4800000000000182	Word	hasard
486.19	0.3999999999999772	Word	qui
486.88	0.1899999999999977	Word	peu
487.07	0.1200000000000045	Word	à
487.19	0.3199999999999932	Word	peu
487.64	0.1200000000000045	Word	m
487.761	0.1599999999999681	Word	ont
487.971	0.2300000000000182	Word	tout
488.201	0.5799999999999841	Word	révélé
489.56	0.5	Word	ainsi
490.26	0.2400000000000091	Word	quand
490.5	0.1199999999999477	Word	il
490.62	0.5200000000000387	Word	aperçut
491.14	0.1499999999999772	Word	pour
491.29	0.1500000000000341	Word	la
491.44	0.4899999999999522	Word	première
491.93	0.2200000000000272	Word	fois
492.15	0.2300000000000182	Word	mon
492.381	0.3299999999999841	Word	avion
493.27	0.1399999999999863	Word	je
493.41	0.160000000000025	Word	ne
493.571	0.6899999999999977	Word	dessinerai
494.38	0.169999999999959	Word	pas
494.55	0.2400000000000091	Word	mon
494.79	0.3500000000000227	Word	avion
495.41	0.1200000000000045	Word	c
495.53	0.1399999999999863	Word	est
495.671	0.0900000000000318	Word	un
495.761	0.3799999999999954	Word	dessin
496.141	0.3700000000000045	Word	beaucoup
496.511	0.1899999999999977	Word	trop
496.701	0.5399999999999636	Word	compliqué
497.241	0.1700000000000159	Word	pour
497.411	0.1999999999999886	Word	moi
498.48	0.1899999999999977	Word	il
498.67	0.0600000000000022	Word	me
498.731	0.6000000000000227	Word	demanda
500.218	0.0554669999999077	Word	qu
500.274	0.0792380000000321	Word	est
500.354	0.1259900000000016	Word	-ce
500.48	0.1014250000000061	Word	que
500.581	0.1014250000000061	Word	c
500.683	0.0978109999999787	Word	est
500.781	0.0899999999999749	Word	que
500.871	0.2100000000000363	Word	cette
501.081	0.339999999999975	Word	chose
501.421	0.1999999999999886	Word	-là
502.78	0.160000000000025	Word	ce
502.94	0.0399999999999636	Word	n
502.981	0.1200000000000045	Word	est
503.101	0.1299999999999954	Word	pas
503.321	0.079999999999984	Word	une
503.401	0.4599999999999795	Word	chose
504.191	0.2699999999999818	Word	ça
504.461	0.3999999999999772	Word	vole
505.12	0.1200000000000045	Word	c
505.241	0.1299999999999954	Word	est
505.371	0.1200000000000045	Word	un
505.491	0.3600000000000136	Word	avion
506.251	0.1299999999999954	Word	c
506.381	0.0499999999999545	Word	est
506.431	0.25	Word	mon
506.681	0.3400000000000318	Word	avion
507.94	0.0699999999999931	Word	et
508.01	0.0299999999999727	Word	j
508.041	0.3199999999999932	Word	étais
508.401	0.3000000000000113	Word	fier
508.7	0.0999999999999659	Word	de
508.801	0.1700000000000159	Word	lui
508.971	0.4800000000000182	Word	apprendre
509.451	0.1099999999999568	Word	que
509.561	0.1400000000000432	Word	je
509.701	0.3799999999999954	Word	volais
510.89	0.4199999999999591	Word	alors
511.31	0.07000000000005	Word	il
511.38	0.1499999999999772	Word	s
511.53	0.5099999999999909	Word	écria
512.73	0.5699999999999932	Word	comment
513.739	0.160000000000025	Word	tu
513.9	0.0600000000000022	Word	es
513.96	0.3100000000000023	Word	tombé
514.27	0.0550000000000068	Word	du
514.38	0.4199999999999591	Word	ciel
515.579	0.3600000000000136	Word	oui
516.299	0.1200000000000045	Word	fis
516.489	0.1000000000000227	Word	-je
516.589	0.6399999999999864	Word	modestement
518.229	0.2300000000000182	Word	ah
518.599	0.3176280000000133	Word	ça
518.916	0.0633909999999673	Word	c
518.98	0.1389810000000011	Word	est
519.12	0.5400000000000205	Word	drôle
520.159	0.079999999999984	Word	et
520.239	0.1500000000000341	Word	le
520.389	0.3000000000000113	Word	petit
520.69	0.4599999999999795	Word	prince
521.149	0.2099999999999795	Word	eut
521.36	0.1700000000000159	Word	un
521.53	0.3899999999999863	Word	très
521.92	0.3899999999999863	Word	joli
522.31	0.32000000000005	Word	éclat
522.63	0.1299999999999954	Word	de
522.76	0.3700000000000045	Word	rire
523.13	0.2199999999999704	Word	qui
523.35	0.079999999999984	Word	m
523.43	0.4700000000000273	Word	irrita
523.9	0.5500000000000114	Word	beaucoup
525.039	0.1200000000000045	Word	je
525.16	0.4700000000000273	Word	désire
525.63	0.1099999999999568	Word	que
525.74	0.0600000000000022	Word	l
525.8	0.0800000000000409	Word	on
525.88	0.25	Word	prenne
526.13	0.1099999999999568	Word	mes
526.24	0.3900000000000432	Word	malheurs
526.711	0.0349999999999681	Word	au
526.781	0.5	Word	sérieux
528.109	0.3799999999999954	Word	puis
528.489	0.0400000000000204	Word	il
528.53	0.5	Word	ajouta
529.949	0.3899999999999863	Word	alors
530.339	0.2900000000000204	Word	toi
530.629	0.3799999999999954	Word	aussi
531.009	0.1200000000000045	Word	tu
531.129	0.1799999999999499	Word	viens
531.31	0.0599999999999454	Word	du
531.43	0.4200000000000727	Word	ciel
532.349	0.1099999999998999	Word	de
532.46	0.2200000000000272	Word	quelle
532.739	0.3999999999999772	Word	planète
533.14	0.0900000000000318	Word	es
533.23	0.25	Word	-tu
534.669	0.2200000000000272	Word	j
534.889	0.6699999999999591	Word	entrevis
535.559	0.6100000000000136	Word	aussitôt
536.169	0.2599999999999909	Word	une
536.429	0.7300000000000182	Word	lueur
537.199	0.1500000000000909	Word	dans
537.349	0.1200000000000045	Word	le
537.469	0.4399999999999409	Word	mystère
537.909	0.0900000000000318	Word	de
537.999	0.1599999999999681	Word	sa
538.16	0.7799999999999727	Word	présence
539.189	0.07000000000005	Word	et
539.259	0.1200000000000045	Word	j
539.379	0.6599999999999682	Word	interrogeai
540.039	0.7000000000000455	Word	brusquement
541.418	0.1299999999999954	Word	tu
541.549	0.1900000000000545	Word	viens
541.739	0.2599999999999909	Word	donc
541.999	0.0499999999999545	Word	d
542.049	0.1200000000000045	Word	une
542.169	0.169999999999959	Word	autre
542.34	0.57000000000005	Word	planète
544.219	0.2899999999999636	Word	mais
544.598	0.0899999999999181	Word	il
544.689	0.0300000000000864	Word	ne
544.719	0.0399999999999636	Word	me
544.76	0.5399999999999636	Word	répondit
545.299	0.2100000000000363	Word	pas
546.039	0.1599999999999681	Word	il
546.199	0.3000000000000682	Word	hochait
546.499	0.1899999999999408	Word	la
546.689	0.3100000000000591	Word	tête
546.999	0.6699999999999591	Word	doucement
547.779	0.2000000000000454	Word	tout
547.979	0.1099999999998999	Word	en
548.089	0.4900000000000091	Word	regardant
548.579	0.2000000000000454	Word	mon
548.78	0.3700000000000045	Word	avion
550.368	0.1399999999999863	Word	c
550.508	0.0900000000000318	Word	est
550.599	0.2699999999999818	Word	vrai
550.869	0.3500000000000227	Word	que
551.219	0.1199999999998908	Word	là
551.339	0.4900000000000091	Word	-dessus
551.829	0.3000000000000682	Word	tu
552.129	0.1299999999999954	Word	ne
552.26	0.1599999999999681	Word	peux
552.42	0.2000000000000454	Word	pas
552.62	0.2599999999999909	Word	venir
552.88	0.1000000000000227	Word	de
552.98	0.2699999999999818	Word	bien
553.25	0.1599999999999681	Word	loin
554.549	0.1399999999999863	Word	et
554.689	0.1299999999999954	Word	il
554.88	0.0299999999999727	Word	s
554.91	0.4800000000000182	Word	enfonça
555.389	0.1999999999999318	Word	dans
555.59	0.2000000000000454	Word	une
555.79	0.5800000000000409	Word	rêverie
556.509	0.1599999999999681	Word	qui
556.67	0.3300000000000409	Word	dura
557.0	0.5599999999999454	Word	longtemps
558.359	0.3099999999999454	Word	puis
558.819	0.4900000000000091	Word	sortant
559.308	0.1399999999999863	Word	mon
559.449	0.3500000000000227	Word	mouton
559.799	0.1000000000000227	Word	de
559.899	0.2200000000000272	Word	sa
560.119	0.5399999999999636	Word	poche
560.739	0.169999999999959	Word	il
560.909	0.2000000000000454	Word	se
561.109	0.5099999999999909	Word	plongea
561.619	0.1200000000000045	Word	dans
561.739	0.1299999999999954	Word	la
561.87	0.7899999999999636	Word	contemplation
562.659	0.1100000000000136	Word	de
562.769	0.2000000000000454	Word	son
562.969	0.5099999999999909	Word	trésor
564.868	0.1000000000000227	Word	vous
564.968	0.849999999999909	Word	imaginez
565.818	0.75	Word	combien
566.568	0.1299999999999954	Word	j
566.698	0.2400000000000091	Word	avais
566.938	0.1800000000000636	Word	pu
567.119	0.3700000000000045	Word	être
567.588	0.7100000000000364	Word	intrigué
568.298	0.1599999999999681	Word	par
568.458	0.3600000000000136	Word	cette
568.818	0.3899999999999863	Word	demi
569.208	0.82000000000005	Word	-confidence
570.128	0.3999999999999772	Word	sur
570.568	0.32000000000005	Word	les
570.888	0.3099999999999454	Word	autres
571.198	0.6200000000000045	Word	planètes
572.388	0.1999999999999318	Word	je
572.588	0.07000000000005	Word	m
572.658	0.42999999999995	Word	efforçai
573.088	0.2800000000000864	Word	donc
573.368	0.0299999999999727	Word	d
573.449	0.0900000000000318	Word	en
573.539	0.4300000000000636	Word	savoir
573.969	0.2099999999999227	Word	plus
574.179	0.1900000000000545	Word	long
575.188	0.1900000000000545	Word	d
575.378	0.169999999999959	Word	où
575.549	0.2200000000000272	Word	viens
575.769	0.3400000000000318	Word	-tu
576.109	0.1599999999999681	Word	mon
576.269	0.2799999999999727	Word	petit
576.549	0.5299999999999727	Word	bonhomme
577.618	0.1299999999999954	Word	où
577.749	0.0799999999999272	Word	est
577.829	0.0300000000000864	Word	-ce
577.859	0.4399999999999409	Word	chez
578.299	0.2799999999999727	Word	toi
579.259	0.169999999999959	Word	où
579.429	0.1100000000000136	Word	veux
579.539	0.1599999999999681	Word	-tu
579.699	0.4900000000000091	Word	emporter
580.189	0.1700000000000727	Word	mon
580.359	0.4599999999999227	Word	mouton
581.978	0.1899999999999408	Word	il
582.168	0.0900000000000318	Word	me
582.258	0.5599999999999454	Word	répondit
582.818	0.2800000000000864	Word	après
583.098	0.099999999999909	Word	un
583.199	0.5800000000000409	Word	silence
583.779	0.9099999999999682	Word	méditatif
585.647	0.2100000000000363	Word	ce
585.857	0.1899999999999408	Word	qui
586.048	0.1100000000000136	Word	est
586.158	0.3400000000000318	Word	bien
586.498	0.2400000000000091	Word	avec
586.738	0.0899999999999181	Word	la
586.828	0.3300000000000409	Word	caisse
587.158	0.1200000000000045	Word	que
587.279	0.1599999999999681	Word	tu
587.439	0.0600000000000591	Word	m
587.499	0.0499999999999545	Word	as
587.549	0.3799999999999954	Word	donnée
588.099	0.1599999999999681	Word	c
588.259	0.0699999999999363	Word	est
588.329	0.2100000000000363	Word	que
588.54	0.1599999999999681	Word	la
588.7	0.2599999999999909	Word	nuit
589.15	0.2100000000000363	Word	ça
589.359	0.099999999999909	Word	lui
589.46	0.4400000000000545	Word	servira
589.9	0.1100000000000136	Word	de
590.01	0.3500000000000227	Word	maison
591.219	0.2399999999998954	Word	bien
591.459	0.4100000000000818	Word	sûr
592.238	0.0499999999999545	Word	et
592.289	0.1900000000000545	Word	si
592.479	0.1499999999999772	Word	tu
592.629	0.1000000000000227	Word	es
592.729	0.4199999999999591	Word	gentil
593.409	0.169999999999959	Word	je
593.579	0.1299999999999954	Word	te
593.709	0.4400000000000545	Word	donnerai
594.149	0.3500000000000227	Word	aussi
594.499	0.2300000000000182	Word	une
594.729	0.4099999999999681	Word	corde
595.139	0.1299999999999954	Word	pour
595.269	0.0499999999999545	Word	l
595.319	0.5	Word	attacher
595.819	0.2599999999999909	Word	pendant
596.079	0.1299999999999954	Word	le
596.209	0.4200000000000727	Word	jour
597.049	0.0900000000000318	Word	et
597.139	0.1200000000000045	Word	un
597.259	0.4700000000000273	Word	piquet
598.538	0.1900000000000545	Word	la
598.728	0.6699999999999591	Word	proposition
599.398	0.2400000000000091	Word	parut
599.638	0.5099999999999909	Word	choquer
600.148	0.1299999999999954	Word	le
600.278	0.2799999999999727	Word	petit
600.558	0.5	Word	prince
601.578	0.1900000000000545	Word	l
601.768	0.67999999999995	Word	attacher
602.768	0.2999999999999545	Word	quelle
603.067	0.2400000000000091	Word	drôle
603.308	0.0400000000000773	Word	d
603.348	0.3199999999999363	Word	idée
604.517	0.25	Word	mais
604.768	0.2200000000000272	Word	si
604.988	0.1200000000000045	Word	tu
605.108	0.099999999999909	Word	ne
605.208	0.0600000000000591	Word	l
605.269	0.3700000000000045	Word	attaches
605.638	0.25	Word	pas
605.958	0.1100000000000136	Word	il
606.069	0.25	Word	ira
606.319	0.0500000000000682	Word	n
606.369	0.3899999999999863	Word	importe
606.759	0.2100000000000363	Word	où
607.149	0.0800000000000409	Word	et
607.229	0.0799999999999272	Word	il
607.31	0.2000000000000454	Word	se
607.509	0.4499999999999318	Word	perdra
609.138	0.0800000000000409	Word	et
609.218	0.25	Word	mon
609.468	0.3699999999998908	Word	ami
609.838	0.2700000000000955	Word	eut
610.108	0.0899999999999181	Word	un
610.199	0.57000000000005	Word	nouvel
610.768	0.3199999999999363	Word	éclat
611.088	0.1100000000000136	Word	de
611.199	0.4200000000000727	Word	rire
612.388	0.2400000000000091	Word	mais
612.628	0.1299999999999954	Word	où
612.758	0.0900000000000318	Word	veux
612.849	0.1799999999999499	Word	-tu
613.029	0.1100000000000136	Word	qu
613.139	0.1399999999999863	Word	il
613.279	0.3700000000000045	Word	aille
614.398	0.1000000000000227	Word	n
614.498	0.3899999999999863	Word	importe
614.888	0.1599999999999681	Word	où
615.308	0.2699999999999818	Word	droit
615.578	0.2599999999999909	Word	devant
615.838	0.2400000000000091	Word	lui
616.867	0.3999999999999772	Word	alors
617.267	0.1200000000000045	Word	le
617.388	0.2799999999999727	Word	petit
617.668	0.4199999999999591	Word	prince
618.088	0.5800000000000409	Word	remarqua
618.668	0.6800000000000637	Word	gravement
620.057	0.2200000000000272	Word	ça
620.277	0.0599999999999454	Word	ne
620.337	0.1700000000000727	Word	fait
620.507	0.2400000000000091	Word	rien
621.027	0.0800000000000409	Word	c
621.108	0.1100000000000136	Word	est
621.218	0.3799999999999954	Word	tellement
621.598	0.3799999999999954	Word	petit
621.978	0.2199999999999136	Word	chez
622.198	0.2800000000000864	Word	moi
623.367	0.2300000000000182	Word	et
623.667	0.3300000000000409	Word	avec
623.997	0.1000000000000227	Word	un
624.098	0.1200000000000045	Word	peu
624.218	0.1499999999999772	Word	de
624.368	0.6399999999999864	Word	mélancolie
625.008	0.2300000000000182	Word	peut
625.238	0.3799999999999954	Word	-être
625.808	0.1700000000000727	Word	il
625.978	0.4699999999999136	Word	ajouta
627.327	0.2599999999999909	Word	droit
627.587	0.2700000000000955	Word	devant
627.857	0.3700000000000045	Word	soi
628.227	0.1999999999999318	Word	on
628.428	0.1100000000000136	Word	ne
628.538	0.1399999999999863	Word	peut
628.678	0.2200000000000272	Word	pas
628.898	0.169999999999959	Word	aller
629.068	0.1600000000000818	Word	bien
629.228	0.1799999999999499	Word	loin
